Entity,Code,Year,Above $10 a day,$8.30-$10 a day,$4.20-$8.30 a day,$3-$4.20 a day,Below $3 a day
Albania,ALB,2012,1133125,414508,1126111,135626,51338
Albania,ALB,2014,1182598,301570,942923,244708,101968
Albania,ALB,2015,1491058,345170,766174,98441,30450
Albania,ALB,2016,1482809,322584,726750,126649,30677
Albania,ALB,2017,1463928,319338,740231,86535,38253
Albania,ALB,2018,1700356,278202,537060,65776,26339
Albania,ALB,2019,1693852,322009,506450,38496,6994
Albania,ALB,2020,1743268,281307,450224,45061,8620
Algeria,DZA,2011,15487653,6051384,13760960,1729655,0
Angola,AGO,2018,4458374,1836811,8289672,4525471,12370168
Argentina (urban),,2010,30636408,1833671,3792341,730917,576487
Argentina (urban),,2011,32026439,1686558,3421650,425814,459187
Argentina (urban),,2012,32826741,1659615,2986550,492126,488196
Argentina (urban),,2013,33126949,1715115,3163676,449193,423467
Argentina (urban),,2014,32634114,2087705,3620812,563859,416450
Argentina (urban),,2016,33531103,2040997,3595781,528299,510220
Argentina (urban),,2017,34907365,1709662,2961109,572441,452419
Argentina (urban),,2018,33718445,2134092,3796371,658621,671359
Argentina (urban),,2019,33002568,2154185,4571276,887202,695949
Argentina (urban),,2020,31252061,2703867,5836514,845951,912863
Argentina (urban),,2021,33251816,2530740,4551648,797967,568393
Argentina (urban),,2022,33384182,2630794,4598399,671706,541427
Argentina (urban),,2023,32478762,2600869,5598101,820224,485952
Argentina (urban),,2024,33300655,2463904,5237478,757400,406343
Armenia,ARM,2010,673217,362817,1579216,339896,89654
Armenia,ARM,2011,755499,363868,1510529,303243,94761
Armenia,ARM,2012,790321,431008,1462914,264291,75566
Armenia,ARM,2013,885993,400783,1391648,254524,89052
Armenia,ARM,2014,905623,445618,1318615,240342,103602
Armenia,ARM,2015,1048772,433540,1237978,198607,85703
Armenia,ARM,2016,1242505,377242,1086163,211104,75286
Armenia,ARM,2017,979813,428303,1330455,170441,70388
Armenia,ARM,2018,966239,436441,1286358,193961,86001
Armenia,ARM,2019,837815,432859,1400670,219232,71924
Armenia,ARM,2020,759999,479258,1523106,154223,44914
Armenia,ARM,2021,812384,461812,1428278,197082,62744
Armenia,ARM,2022,840652,474492,1355669,242065,56322
Armenia,ARM,2023,823675,452848,1438231,192394,57152
Armenia,ARM,2024,1067417,527940,1264803,149549,23791
Australia,AUS,2010,21745337,66096,88126,22032,110159
Australia,AUS,2014,23193978,46951,70427,23476,140854
Australia,AUS,2016,23900617,48382,96764,24190,120955
Australia,AUS,2018,24638736,24963,149779,0,149780
Australia,AUS,2020,25238860,25649,102597,51299,230843
Austria,AUT,2010,8278392,16063,20842,4649,43458
Austria,AUT,2011,8277029,27963,38397,8241,40013
Austria,AUT,2012,8308894,30925,32573,990,56609
Austria,AUT,2013,8409900,11897,26090,3274,28662
Austria,AUT,2014,8474747,8452,37187,6804,19166
Austria,AUT,2015,8505352,37082,37048,4048,59169
Austria,AUT,2016,8598532,22214,37921,19984,58017
Austria,AUT,2017,8725516,11419,25591,4272,30768
Austria,AUT,2018,8733939,4762,41055,10519,50246
Austria,AUT,2019,8791797,12406,12443,5852,57422
Austria,AUT,2020,8804314,17120,16290,13279,65861
Austria,AUT,2021,8833430,20530,55448,2880,43509
Austria,AUT,2022,8933690,9327,34867,5740,58227
Austria,AUT,2023,9030234,8951,39276,5064,48236
Bangladesh,BGD,2010,11048659,6325495,55485278,41111561,38230991
Bangladesh,BGD,2016,14389881,8555550,65903851,40586370,31376284
Bangladesh,BGD,2022,31106832,17174481,86451317,24643178,10009088
Barbados,BRB,2016,212893,22599,35276,4140,4690
Belarus,BLR,2010,6758009,1015079,1585964,108459,16325
Belarus,BLR,2011,7107117,976921,1293050,79381,5174
Belarus,BLR,2012,7835933,744094,841998,17140,7671
Belarus,BLR,2013,8374793,516470,537859,11967,2122
Belarus,BLR,2014,8394696,546829,501943,5047,0
Belarus,BLR,2015,8151780,663726,617425,28145,0
Belarus,BLR,2016,8044195,727284,671346,26554,0
Belarus,BLR,2017,8154817,721053,568627,11889,2603
Belarus,BLR,2018,8523475,505007,396316,11909,2078
Belarus,BLR,2019,8692262,363916,361862,1718,0
Belarus,BLR,2020,8774007,358035,241731,6179,0
Belgium,BEL,2010,10814682,27576,31650,6195,15483
Belgium,BEL,2011,10946754,22510,37006,11673,20321
Belgium,BEL,2012,11041210,12856,27175,6579,19112
Belgium,BEL,2013,11080985,18904,34767,8625,16126
Belgium,BEL,2014,11170334,8208,16340,5601,8574
Belgium,BEL,2015,11237951,10112,4130,6536,15467
Belgium,BEL,2016,11278728,17139,25740,3037,6778
Belgium,BEL,2017,11315455,19189,14792,5820,19902
Belgium,BEL,2018,11390574,12882,13342,0,10256
Belgium,BEL,2019,11457132,4960,12047,2565,12276
Belgium,BEL,2020,11502716,3038,19350,3600,9900
Belgium,BEL,2021,11554312,2574,14465,10607,4237
Belgium,BEL,2022,11654891,4576,12407,5947,2389
Belgium,BEL,2023,11745450,4346,19913,0,10237
Belize,BLZ,2018,274746,31413,59888,11347,3953
Benin,BEN,2011,393658,204204,1409292,1213028,6973772
Benin,BEN,2015,578406,194111,1113756,1996706,7477702
Benin,BEN,2018,968649,527748,3717366,2673755,4667533
Benin,BEN,2021,1139928,699701,4997049,3114050,3722252
Bhutan,BTN,2012,289171,79993,261558,60399,26158
Bhutan,BTN,2017,354176,79261,248634,52544,19720
Bhutan,BTN,2022,652896,57819,66969,3176,54
Bolivia,BOL,2011,6995978,736792,1524257,374238,717664
Bolivia,BOL,2012,7146397,643517,1558218,339375,828300
Bolivia,BOL,2013,7522955,636021,1508656,293064,721912
Bolivia,BOL,2014,7676672,722890,1456259,385728,607339
Bolivia,BOL,2015,7740120,743575,1562164,284850,683996
Bolivia,BOL,2016,7787209,743311,1507737,339874,801889
Bolivia,BOL,2017,8000861,724942,1562039,329298,727447
Bolivia,BOL,2018,8296378,755585,1541936,374052,540417
Bolivia,BOL,2019,8868439,723425,1408366,304839,366317
Bolivia,BOL,2020,8731838,785886,1523824,272922,501829
Bolivia,BOL,2021,9073738,827565,1375506,295903,364648
Bolivia,BOL,2022,9051070,792409,1541632,297468,394575
Bolivia,BOL,2023,9329238,890760,1398695,280488,344978
Bolivia,BOL,2024,9498455,759852,1552418,348091,254499
Bosnia and Herzegovina,BIH,2011,2829401,313570,506670,57619,34538
Bosnia and Herzegovina,BIH,2015,2582636,328866,500069,65319,41651
Bosnia and Herzegovina,BIH,2021,2605682,261106,344452,24988,8679
Botswana,BWA,2015,682822,138426,611013,321333,476456
Brazil,BRA,2011,117612038,14886851,39032659,9851747,13901441
Brazil,BRA,2012,122826388,14190100,38744079,8544413,12571132
Brazil,BRA,2013,128908076,14217368,36189648,8491861,10671351
Brazil,BRA,2014,132956872,14265658,35417418,7910592,9534580
Brazil,BRA,2015,132120634,14386552,36147465,8177445,10843440
Brazil,BRA,2016,129892778,14196759,37172346,8760476,13195753
Brazil,BRA,2017,131101062,13668265,37079571,8611386,14243156
Brazil,BRA,2018,133365703,13677713,36244885,8575891,14243072
Brazil,BRA,2019,135570265,13730612,35524367,8040070,14590142
Brazil,BRA,2020,149889162,15299004,32227439,5472953,5772290
Brazil,BRA,2021,130027309,15438362,40034102,8420840,15629675
Brazil,BRA,2022,141599084,15509757,35284124,7705897,10207554
Brazil,BRA,2023,146814588,15137418,33487778,7671080,8029872
Brazil,BRA,2024,154340482,13890315,30637165,6754708,6375906
Bulgaria,BGR,2010,5728466,492198,810530,167254,197151
Bulgaria,BGR,2011,5593269,506924,832675,162029,253431
Bulgaria,BGR,2012,5625759,453335,804443,202276,220075
Bulgaria,BGR,2013,5741792,331898,689519,162900,233896
Bulgaria,BGR,2014,5806277,334513,627535,112788,192459
Bulgaria,BGR,2015,5535110,359615,642270,127299,319931
Bulgaria,BGR,2016,5756076,340559,443925,142124,211455
Bulgaria,BGR,2017,5705011,302811,543145,116216,136285
Bulgaria,BGR,2018,5877807,220592,440858,71237,100304
Bulgaria,BGR,2019,5862435,209661,347571,89135,107924
Bulgaria,BGR,2020,6001537,171460,277849,53639,46211
Bulgaria,BGR,2021,5963976,120127,291197,52085,79916
Bulgaria,BGR,2022,5978979,128311,247564,42168,68075
Bulgaria,BGR,2023,6064100,100501,179545,37275,65175
Burkina Faso,BFA,2014,622343,375292,3120829,3403474,10707522
Burkina Faso,BFA,2018,1671092,506670,4830527,3821794,9870037
Burkina Faso,BFA,2021,1434152,715450,5768823,5024708,9396353
Burundi,BDI,2013,177581,126603,1046368,1216796,8052215
Burundi,BDI,2020,213879,111130,1299406,1644370,9400518
Cameroon,CMR,2014,4523587,1498418,6693055,2941743,6403089
Cameroon,CMR,2021,5301796,1825907,8965150,3990776,7312527
Canada,CAN,2010,33665845,102018,102017,34006,102018
Canada,CAN,2011,34030167,68678,103018,34339,103018
Canada,CAN,2012,34227408,138854,208280,34714,104140
Canada,CAN,2013,34589858,105243,175405,35081,175405
Canada,CAN,2014,35044289,70868,141737,70868,106302
Canada,CAN,2015,35240338,107113,178523,35704,142818
Canada,CAN,2016,35713585,72222,144443,36111,144443
Canada,CAN,2017,36143080,109635,109636,36545,146180
Canada,CAN,2018,36664821,74145,148291,37073,148290
Canada,CAN,2019,37242311,37619,150474,37618,150474
Canada,CAN,2020,37838497,38028,76058,38028,38029
Canada,CAN,2021,38010425,76480,38239,38240,76480
Canada,CAN,2022,38624448,77872,116808,0,116808
Cape Verde,CPV,2015,137265,42091,180922,77286,74830
Central African Republic,CAF,2021,140826,59971,621361,628792,3661150
Chad,TCD,2011,962023,506185,3157995,2363835,5764959
Chad,TCD,2018,1055313,573459,4407275,3510812,6874018
Chad,TCD,2022,1310711,629416,5180858,4049026,7285305
Chile,CHL,2011,11669058,1611870,3367435,416086,287367
Chile,CHL,2013,13705179,1439357,2191896,212542,138032
Chile,CHL,2015,14728099,1207863,1827434,162452,121776
Chile,CHL,2017,15814588,1077365,1472729,104590,89596
Chile,CHL,2020,16042825,1139565,1659271,195394,333569
Chile,CHL,2022,17563752,796870,989735,76114,126565
Chile,CHL,2024,18189352,683440,749498,63487,78995
China,CHN,2010,343798984,109744853,417015042,191797269,275348812
China,CHN,2011,391633203,118542983,442838596,186384602,205635624
China,CHN,2012,453858220,123250927,436634432,166089377,174356996
China,CHN,2013,530786566,136633284,468081342,145376755,82361989
China,CHN,2014,597203832,141614079,444566015,125294775,63181267
China,CHN,2015,658226594,146145703,428895095,107167250,39425326
China,CHN,2016,713448566,147333965,410574154,87409812,29023455
China,CHN,2017,753897106,145324624,392789090,82215469,21988751
China,CHN,2018,814309552,145551714,365991065,66392641,10514964
China,CHN,2019,863604415,146018543,355507827,42614239,0
China,CHN,2020,845291824,157109293,385398646,23300269,0
China,CHN,2021,977819158,143335410,286890390,4314978,0
China,CHN,2022,969837630,141816584,293270829,7249933,0
China (rural),,2010,53254928,26016275,198133926,138305299,263388516
China (rural),,2011,59108172,30425522,222133554,133228292,203007436
China (rural),,2012,73882470,35782135,229122615,121966697,174356995
China (rural),,2013,107641222,55843141,278644965,98682504,79598664
China (rural),,2014,130459925,63824682,270165175,83092254,59502508
China (rural),,2015,149576022,68446738,257936801,73404359,39425328
China (rural),,2016,165184065,70796435,241698402,64513065,29023457
China (rural),,2017,179251904,69929897,224622784,59337992,21988751
China (rural),,2018,205924802,72222216,202457633,48940224,10514965
China (rural),,2019,222809500,72658219,192031708,37449885,0
China (rural),,2020,214232022,74938233,206696507,18854230,0
China (rural),,2021,275017596,69348582,149584252,4314978,0
China (rural),,2022,273783192,65485165,144669551,7249932,0
China (urban),,2010,290544050,83728584,218881115,53491981,11960286
China (urban),,2011,332524997,88117506,220705022,53156319,2628188
China (urban),,2012,379975781,87468780,207511848,44122695,0
China (urban),,2013,423145407,80790136,189436374,46694261,2763326
China (urban),,2014,466743943,77789377,174400887,42202519,3678762
China (urban),,2015,508650598,77698989,170958297,33762900,0
China (urban),,2016,548264519,76537527,168875795,22896751,0
China (urban),,2017,574645169,75394744,168166259,22877476,0
China (urban),,2018,608384780,73329508,163533447,17452425,0
China (urban),,2019,640794935,73360316,163476106,5164355,0
China (urban),,2020,631059794,82171056,178702118,4446040,0
China (urban),,2021,702801626,73986824,137306142,0,0
China (urban),,2022,696054446,76331418,148601272,0,0
Colombia,COL,2010,18864348,3545665,12237030,4156554,5973723
Colombia,COL,2011,20367693,3630594,12243492,3911540,5106297
Colombia,COL,2012,21067037,3483045,11549702,3794217,5821807
Colombia,COL,2013,22174831,3628294,11424314,3468246,5455899
Colombia,COL,2014,23331734,3712625,10973596,3451777,5095696
Colombia,COL,2015,23735371,3849894,11219829,3371862,4792984
Colombia,COL,2016,23954869,3824533,11529692,3359035,4769383
Colombia,COL,2017,24516151,3901205,11721989,3405834,4585901
Colombia,COL,2018,24960503,3922827,11826365,3496346,4818423
Colombia,COL,2019,25177980,3883908,11611193,3600618,5634285
Colombia,COL,2020,21981271,4060447,12531014,4075488,7981776
Colombia,COL,2021,24459997,4224612,13105349,3650615,5747599
Colombia,COL,2022,26656215,4306771,12580068,3400748,4794142
Colombia,COL,2023,27661084,4223857,12481364,3438650,4516197
Colombia,COL,2024,29060875,4253564,11821587,3254608,4495730
Comoros,COM,2014,116990,48658,206164,116585,223106
Comoros,COM,2020,148978,67149,378344,136034,71658
Comoros,COM,2024,184683,91042,434888,112104,43911
Congo,COG,2011,580765,243626,1290978,739802,1842139
Costa Rica,CRI,2010,3339859,357682,652154,105627,100640
Costa Rica,CRI,2011,3362590,335663,672511,113504,125565
Costa Rica,CRI,2012,3493600,310100,639226,101481,119527
Costa Rica,CRI,2013,3555421,293157,643929,99035,124605
Costa Rica,CRI,2014,3571475,321556,649887,110403,113798
Costa Rica,CRI,2015,3653043,322131,614851,110446,117567
Costa Rica,CRI,2016,3717102,324290,609722,98935,116949
Costa Rica,CRI,2017,3826061,313137,598630,89423,85926
Costa Rica,CRI,2018,3858328,279296,606658,98479,115057
Costa Rica,CRI,2019,3823081,340052,646143,103793,86484
Costa Rica,CRI,2020,3476904,384637,849839,154201,168739
Costa Rica,CRI,2021,3811376,345483,693429,100423,109277
Costa Rica,CRI,2022,3864797,346940,667567,121216,81245
Costa Rica,CRI,2023,4007289,314711,611385,93538,78602
Costa Rica,CRI,2024,4200459,284800,509556,69242,65853
Costa Rica,CRI,2025,4390489,262827,409890,50857,38887
Cote d'Ivoire,CIV,2015,1734253,834149,6355676,4558174,11764090
Cote d'Ivoire,CIV,2018,3961155,1892937,10480980,5462765,6030755
Cote d'Ivoire,CIV,2021,3929341,1847636,11851553,6286887,6290769
Croatia,HRV,2010,3785604,170167,240909,36961,61786
Croatia,HRV,2011,3715008,190671,287111,45334,42498
Croatia,HRV,2012,3618578,204766,337913,53442,45669
Croatia,HRV,2013,3636087,199791,310577,36381,51086
Croatia,HRV,2014,3672853,195502,256570,27844,48829
Croatia,HRV,2015,3675195,163489,258566,25566,28909
Croatia,HRV,2016,3728108,132533,190400,20623,35203
Croatia,HRV,2017,3702141,114613,176570,23166,24917
Croatia,HRV,2018,3759167,89877,108263,11367,20101
Croatia,HRV,2019,3755122,73104,96742,10041,14381
Croatia,HRV,2020,3733639,76176,73266,13749,17376
Croatia,HRV,2021,3751777,48102,63619,2263,13220
Croatia,HRV,2022,3722445,41339,70075,6447,15335
Croatia,HRV,2023,3756725,24455,56379,11985,10142
Cyprus,CYP,2010,1122920,2183,1610,440,663
Cyprus,CYP,2011,1142068,663,3394,0,368
Cyprus,CYP,2012,1162081,1722,1352,193,49
Cyprus,CYP,2013,1178270,1950,1437,1089,1149
Cyprus,CYP,2014,1189972,7213,2709,729,1178
Cyprus,CYP,2015,1213254,3492,1651,553,552
Cyprus,CYP,2016,1232977,2461,497,234,943
Cyprus,CYP,2017,1251794,484,1354,0,643
Cyprus,CYP,2018,1265689,1761,2258,36,993
Cyprus,CYP,2019,1278762,1442,3603,616,2248
Cyprus,CYP,2020,1299292,398,1729,540,288
Cyprus,CYP,2021,1314995,1109,454,101,650
Cyprus,CYP,2022,1329975,910,418,0,67
Cyprus,CYP,2023,1341852,2232,651,64,177
Czechia,CZE,2010,10282994,72831,105805,8991,3789
Czechia,CZE,2011,10278738,119451,86428,3945,7526
Czechia,CZE,2012,10327469,70388,84087,19941,8900
Czechia,CZE,2013,10365127,60118,83093,1130,4804
Czechia,CZE,2014,10323587,86981,107995,5697,1087
Czechia,CZE,2015,10385462,81896,76363,1414,924
Czechia,CZE,2016,10427143,50314,80442,8433,0
Czechia,CZE,2017,10512485,26844,42527,12582,0
Czechia,CZE,2018,10570565,18206,35969,4246,942
Czechia,CZE,2019,10596625,46132,29113,0,0
Czechia,CZE,2020,10625854,20725,49471,937,871
Czechia,CZE,2021,10443739,31443,21935,2367,6288
Czechia,CZE,2022,10568523,42757,49137,11701,0
Czechia,CZE,2023,10728999,43987,85889,5167,0
Democratic Republic of Congo,COD,2012,921149,674313,6890652,7183976,58598438
Democratic Republic of Congo,COD,2020,1275609,673512,5237821,6906625,81896433
Denmark,DNK,2010,5526678,2669,10653,4505,3178
Denmark,DNK,2011,5525770,9694,35108,0,0
Denmark,DNK,2012,5517954,24444,49174,0,0
Denmark,DNK,2013,5561781,9844,25849,0,17458
Denmark,DNK,2014,5579407,11790,38546,0,13732
Denmark,DNK,2015,5654010,1054,13888,4561,9970
Denmark,DNK,2016,5695328,1783,13722,1231,15946
Denmark,DNK,2017,5749399,1038,4681,1644,8218
Denmark,DNK,2018,5770654,7985,1873,0,13124
Denmark,DNK,2019,5785547,2156,7188,3878,15653
Denmark,DNK,2020,5796407,6207,14851,4318,9621
Denmark,DNK,2021,5837778,2376,7578,0,9001
Denmark,DNK,2022,5852494,3083,32005,1023,14432
Denmark,DNK,2023,5909064,394,16131,0,21363
Djibouti,DJI,2012,162173,55388,341621,152584,254981
Djibouti,DJI,2013,132553,47937,333391,163194,307749
Djibouti,DJI,2017,142815,59768,391019,193722,267517
Dominican Republic,DOM,2010,4922240,772078,2739066,842072,544719
Dominican Republic,DOM,2011,5070160,878408,2831662,634570,530821
Dominican Republic,DOM,2012,5064301,1022624,2769149,667463,546874
Dominican Republic,DOM,2013,5270609,919969,2820594,731512,451149
Dominican Republic,DOM,2014,5912489,949620,2550786,476735,425898
Dominican Republic,DOM,2015,6420262,941558,2292607,439438,340964
Dominican Republic,DOM,2016,6755683,906880,2180574,395618,312675
Dominican Republic,DOM,2017,7114579,1011135,2093456,285510,162163
Dominican Republic,DOM,2018,7500312,1024975,1932050,205981,118735
Dominican Republic,DOM,2019,7851388,995191,1727313,210232,109919
Dominican Republic,DOM,2020,7496814,1124121,1912311,331655,143399
Dominican Republic,DOM,2021,7565012,1129558,2022657,264819,141430
Dominican Republic,DOM,2022,7919736,1038793,1916971,247926,107308
Dominican Republic,DOM,2023,8519131,899591,1572571,195770,144202
Dominican Republic,DOM,2024,9132766,699203,1363138,143849,88601
East Asia and Pacific (WB),WB_EAP,2010,719924875,153849456,624675798,298674249,417489382
East Asia and Pacific (WB),WB_EAP,2011,782548754,165744539,649981499,291970335,340581369
East Asia and Pacific (WB),WB_EAP,2012,857355876,170525412,650073934,273231546,297894576
East Asia and Pacific (WB),WB_EAP,2013,947539576,186181347,678816527,250771950,203762600
East Asia and Pacific (WB),WB_EAP,2014,1025450011,193596356,658996541,229044333,177298295
East Asia and Pacific (WB),WB_EAP,2015,1098525244,199340076,653890822,209709821,139378325
East Asia and Pacific (WB),WB_EAP,2016,1167784762,205279556,641306601,186489128,116215921
East Asia and Pacific (WB),WB_EAP,2017,1225968740,205018581,629233994,176699362,96554907
East Asia and Pacific (WB),WB_EAP,2018,1297661760,208590952,607862968,156307170,77153470
East Asia and Pacific (WB),WB_EAP,2019,1357830141,210584015,599996831,130392904,60958285
East Asia and Pacific (WB),WB_EAP,2020,1341149122,219190422,632253730,112302054,64525472
East Asia and Pacific (WB),WB_EAP,2021,1475598584,206159965,538785629,92321757,62251889
East Asia and Pacific (WB),WB_EAP,2022,1471233075,203421872,551973125,95606801,57382151
East Asia and Pacific (WB),WB_EAP,2023,1530279229,195008769,520616230,86428784,52108588
East Asia and Pacific (WB),WB_EAP,2024,1564883312,192111045,500941161,83222505,47161465
East Asia and Pacific (WB),WB_EAP,2025,1600196264,189463835,480116987,77374240,42482722
East Asia and Pacific (WB),WB_EAP,2026,1632053781,185980042,460301625,73504048,39145720
East Timor,TLS,2014,27146,20643,292604,325116,523595
Eastern and Southern Africa (WB),,2010,47091644,16596097,109711227,83641645,273267771
Eastern and Southern Africa (WB),,2011,49452494,17659972,115422833,86153894,276048791
Eastern and Southern Africa (WB),,2012,50574822,18464958,121855114,90808218,277906872
Eastern and Southern Africa (WB),,2013,52344348,19383879,128084644,93788116,281601701
Eastern and Southern Africa (WB),,2014,54228497,20341125,133310412,95537372,287551554
Eastern and Southern Africa (WB),,2015,55097943,20835238,137866629,96707589,296615865
Eastern and Southern Africa (WB),,2016,56081197,21125103,141050552,97272335,307840221
Eastern and Southern Africa (WB),,2017,57014854,21329167,143239810,99594485,318880436
Eastern and Southern Africa (WB),,2018,56319273,21210901,146066739,103391967,330812208
Eastern and Southern Africa (WB),,2019,55905282,21227109,147871280,107839886,343106651
Eastern and Southern Africa (WB),,2020,52763398,20518326,146061567,111340208,363762581
Eastern and Southern Africa (WB),,2021,53772834,20619399,148705961,116139585,373853165
Eastern and Southern Africa (WB),,2022,56523171,21398815,155328342,119225894,379345154
Eastern and Southern Africa (WB),,2023,56803285,21410403,159247776,124135905,388894023
Eastern and Southern Africa (WB),,2024,58418055,22219125,164431823,127530843,396681050
Eastern and Southern Africa (WB),,2025,61131229,23649758,172993408,131512939,399557466
Eastern and Southern Africa (WB),,2026,64372382,24816071,182265233,135569746,401956152
Ecuador,ECU,2010,7703859,1380487,3822867,997348,1172134
Ecuador,ECU,2011,8561762,1269433,3671814,835584,987634
Ecuador,ECU,2012,9256141,1243672,3366118,767342,938921
Ecuador,ECU,2013,9335695,1326500,3612310,822845,709778
Ecuador,ECU,2014,9987429,1445955,3289624,675533,636583
Ecuador,ECU,2015,10004146,1411360,3354754,719937,776028
Ecuador,ECU,2016,10206591,1466221,3337424,674587,820316
Ecuador,ECU,2017,10652600,1362357,3337751,689588,717223
Ecuador,ECU,2018,10677773,1438263,3358908,774496,800108
Ecuador,ECU,2019,10642530,1385665,3663130,842745,805950
Ecuador,ECU,2020,9620634,1601592,3962815,880374,1480649
Ecuador,ECU,2021,10423159,1339045,4015037,972299,932914
Ecuador,ECU,2022,10909932,1404632,3866023,851051,792258
Ecuador,ECU,2023,10776459,1662956,3750639,948429,841601
Ecuador,ECU,2024,10764086,1455969,3716969,872159,1326295
Ecuador,ECU,2025,11339197,1437050,3982133,906284,625232
Egypt,EGY,2010,21384480,11540875,48175274,7633679,1391284
Egypt,EGY,2012,23779107,13334258,50612569,5324912,1174706
Egypt,EGY,2015,28112210,14923422,49519854,5838011,1203847
Egypt,EGY,2017,22570409,12391495,55861415,11088202,3274063
Egypt,EGY,2019,26934355,14046291,56255361,8924700,2150093
Egypt,EGY,2021,30181882,16446076,57650053,6416274,1541883
El Salvador,SLV,2010,2165453,579793,1982762,650856,689385
El Salvador,SLV,2011,2084978,592558,2149899,647999,614693
El Salvador,SLV,2012,2190618,653827,2171437,575696,522397
El Salvador,SLV,2013,2445219,681242,2018338,555642,438398
El Salvador,SLV,2014,2477591,648457,2076655,531721,428531
El Salvador,SLV,2015,2608363,695125,2074930,477434,327824
El Salvador,SLV,2016,2753880,660584,1947589,480660,358087
El Salvador,SLV,2017,2858035,718745,1944890,409085,282778
El Salvador,SLV,2018,3120688,668049,1795118,382986,252966
El Salvador,SLV,2019,3388745,672537,1679402,295958,185676
El Salvador,SLV,2021,3531626,625544,1484828,292806,320978
El Salvador,SLV,2022,3573189,650440,1452581,277106,327003
El Salvador,SLV,2023,3786417,633816,1346630,250194,292567
Equatorial Guinea,GNQ,2022,581322,185191,670871,232036,160968
Estonia,EST,2010,1189816,46102,67350,14259,13948
Estonia,EST,2011,1202871,43643,57650,7929,15346
Estonia,EST,2012,1209700,43690,47272,8180,13854
Estonia,EST,2013,1208895,39792,44389,10740,14181
Estonia,EST,2014,1227329,21911,42509,9757,13039
Estonia,EST,2015,1254119,23649,24735,4216,8688
Estonia,EST,2016,1268837,15894,20676,2683,7700
Estonia,EST,2017,1281288,12181,15916,1162,6837
Estonia,EST,2018,1292805,12091,9854,1714,5513
Estonia,EST,2019,1297831,5917,10748,2846,9556
Estonia,EST,2020,1300079,7538,14994,1406,5505
Estonia,EST,2021,1312427,5152,7876,830,4647
Estonia,EST,2022,1307434,14062,18459,2164,6721
Estonia,EST,2023,1344856,7542,10020,3525,4343
Eswatini,SWZ,2016,195493,42540,242310,158097,512544
Ethiopia,ETH,2010,3843476,2385303,26477061,24780203,34358197
Ethiopia,ETH,2015,6867908,3793625,35594268,24291279,34745568
Ethiopia,ETH,2021,4470112,3495752,36310178,30672943,47189607
Europe and Central Asia (WB),WB_ECA,2010,729399685,39752918,74935519,13323885,33578393
Europe and Central Asia (WB),WB_ECA,2011,738100005,39434393,69927192,13116163,32431847
Europe and Central Asia (WB),WB_ECA,2012,744817841,38059415,67983591,12990302,32663347
Europe and Central Asia (WB),WB_ECA,2013,763458576,40296786,73614819,12569263,9967756
Europe and Central Asia (WB),WB_ECA,2014,767050758,40739204,71904836,12945769,10920521
Europe and Central Asia (WB),WB_ECA,2015,767002801,41900892,75139406,12536479,10947910
Europe and Central Asia (WB),WB_ECA,2016,774738522,41501135,74968910,11356403,9014038
Europe and Central Asia (WB),WB_ECA,2017,786971267,39740206,68788305,10503982,9062096
Europe and Central Asia (WB),WB_ECA,2018,797832352,38705551,65114033,9378192,7659152
Europe and Central Asia (WB),WB_ECA,2019,807247800,36241325,62193896,9147160,7101979
Europe and Central Asia (WB),WB_ECA,2020,813945321,34586052,57965899,9334616,7832560
Europe and Central Asia (WB),WB_ECA,2021,830229282,28853230,50234962,7665782,7397800
Europe and Central Asia (WB),WB_ECA,2022,832135779,29217735,48904815,7010573,6965594
Europe and Central Asia (WB),WB_ECA,2023,852900478,22889307,37315706,5614914,6053099
Europe and Central Asia (WB),WB_ECA,2024,862438178,21458338,34305772,4805279,5255665
Europe and Central Asia (WB),WB_ECA,2025,868970385,20255371,30411604,4290912,4918128
Europe and Central Asia (WB),WB_ECA,2026,872695797,19610851,29132349,4084400,4706107
Fiji,FJI,2013,377887,110469,355921,58145,14226
Fiji,FJI,2019,246657,107205,422484,95992,42571
Finland,FIN,2010,5345550,6156,7881,59,3706
Finland,FIN,2011,5379272,1580,3921,623,2876
Finland,FIN,2012,5397509,5419,7479,709,2855
Finland,FIN,2013,5423010,4447,6544,310,4661
Finland,FIN,2014,5447885,4003,4952,929,3743
Finland,FIN,2015,5464944,2286,6110,2110,4081
Finland,FIN,2016,5479013,4566,7202,1926,2596
Finland,FIN,2017,5497183,2648,3679,504,4200
Finland,FIN,2018,5501300,2445,3915,3615,4250
Finland,FIN,2019,5510456,1741,3889,3251,2269
Finland,FIN,2020,5523517,1487,2422,453,1664
Finland,FIN,2021,5530269,2051,6143,1371,1183
Finland,FIN,2022,5537442,3766,8843,167,5888
Finland,FIN,2023,5556266,2825,11397,2531,10892
France,FRA,2010,64726612,62926,146125,32042,58507
France,FRA,2011,65071033,116855,111079,18237,23628
France,FRA,2012,65336649,94253,161706,25032,40020
France,FRA,2013,65816978,43702,52248,30471,54533
France,FRA,2014,66119649,61853,102926,8289,19351
France,FRA,2015,66251333,55956,100936,43429,96618
France,FRA,2016,66487363,46651,108088,38826,43176
France,FRA,2017,66755579,83194,57995,8883,12369
France,FRA,2018,67010972,51529,47301,34334,14216
France,FRA,2019,66959827,143386,200868,43316,34667
France,FRA,2020,67214339,89192,152598,67312,77671
France,FRA,2021,67333364,110039,273572,77959,47874
France,FRA,2022,67787325,156514,164266,38948,37403
France,FRA,2023,68064550,112738,137385,9943,47672
Gabon,GAB,2017,1231461,216449,536216,90586,82188
Gambia,GMB,2010,197153,91685,621559,359828,660977
Gambia,GMB,2015,302021,175107,920453,461883,383430
Gambia,GMB,2020,343888,205014,957369,459714,554570
Georgia,GEO,2010,599250,284880,1405711,602518,894336
Georgia,GEO,2011,637691,277279,1442166,586993,812312
Georgia,GEO,2012,737912,303898,1417194,569507,700363
Georgia,GEO,2013,897867,343608,1397661,524989,553543
Georgia,GEO,2014,947063,361495,1477244,485961,447651
Georgia,GEO,2015,997569,378791,1461147,492761,395008
Georgia,GEO,2016,976105,366332,1519894,474856,390318
Georgia,GEO,2017,1043261,391448,1421475,459303,412517
Georgia,GEO,2018,1025678,389622,1476586,425074,409589
Georgia,GEO,2019,1005126,391722,1510133,452224,360956
Georgia,GEO,2020,838675,413959,1531112,493125,445845
Georgia,GEO,2021,879950,431955,1570188,426357,400160
Georgia,GEO,2022,1168205,443346,1438480,375373,287098
Georgia,GEO,2023,1404142,488130,1302252,304469,216490
Georgia,GEO,2024,1536407,475018,1280989,250679,156464
Germany,DEU,2010,81449820,81777,81777,81777,81777
Germany,DEU,2011,80034159,80275,80275,0,80275
Germany,DEU,2012,80184547,80425,80426,0,80426
Germany,DEU,2013,80403671,80646,80645,0,80646
Germany,DEU,2014,80577584,80982,242948,0,80982
Germany,DEU,2015,81359862,163373,81686,0,81687
Germany,DEU,2016,82101626,82349,82348,0,82349
Germany,DEU,2017,82161058,82657,247971,0,165314
Germany,DEU,2018,82574161,82906,165811,0,82906
Germany,DEU,2019,82594402,166186,166186,0,166186
Germany,DEU,2020,82329263,249483,249482,83161,249483
Germany,DEU,2021,82031335,166392,415980,83197,499176
Germany,DEU,2022,81514260,332711,582245,166355,582245
Ghana,GHA,2012,2513591,1208455,7239260,4910977,11383525
Ghana,GHA,2016,2965456,1400845,8677725,5154002,11647424
Greece,GRC,2010,10644530,116899,206525,34757,118630
Greece,GRC,2011,10075866,316238,466366,83115,163314
Greece,GRC,2012,9629676,425009,645215,108798,236313
Greece,GRC,2013,9455820,381875,819241,141134,167141
Greece,GRC,2014,9455930,401740,664892,155518,214333
Greece,GRC,2015,9381786,443354,658398,122916,214429
Greece,GRC,2016,9505727,412393,625935,81914,150002
Greece,GRC,2017,9657045,358694,559704,63974,115262
Greece,GRC,2018,9854340,333347,511967,16069,17159
Greece,GRC,2019,9938369,264694,370883,43348,104288
Greece,GRC,2020,9889861,266817,371738,52891,117292
Greece,GRC,2021,9960927,226779,256045,51321,74135
Greece,GRC,2022,9874330,184161,268924,44345,65122
Greece,GRC,2023,9841121,236551,244745,23085,61849
Grenada,GRD,2018,81749,11331,19308,2518,889
Guatemala,GTM,2014,7106483,1551331,4379296,1396171,1248444
Guatemala,GTM,2023,7767900,1780688,5383411,1441808,1751031
Guinea,GIN,2012,1089971,674188,4497600,2337946,2321876
Guinea,GIN,2018,1816094,1192778,6105589,2255738,1499361
Guinea-Bissau,GNB,2010,61121,19437,149252,150714,1185823
Guinea-Bissau,GNB,2018,120896,83220,584546,432792,720291
Guinea-Bissau,GNB,2021,97697,81896,614494,465135,834635
Haiti,HTI,2012,781668,243069,1451491,1038379,6555164
Honduras,HND,2010,3112160,608538,2173507,835438,1636235
Honduras,HND,2011,3069958,669819,2256492,829019,1715295
Honduras,HND,2012,2728606,670531,2240052,987013,2088874
Honduras,HND,2013,2967878,669778,2474575,928659,1848388
Honduras,HND,2014,3050526,740326,2455334,950387,1866549
Honduras,HND,2015,3138128,743479,2526287,988080,1841331
Honduras,HND,2016,3473282,725645,2379222,966623,1867608
Honduras,HND,2017,3403824,781173,2609020,940977,1853143
Honduras,HND,2018,3525725,758292,2628660,914505,1938028
Honduras,HND,2019,3815053,709797,2591482,959983,1867318
Honduras,HND,2023,4164160,801893,2846526,1020383,1811889
Honduras,HND,2024,4434805,1002796,2847097,839489,1701516
Hungary,HUN,2010,8601411,498871,854869,28184,16688
Hungary,HUN,2011,8602806,496619,803673,51610,17019
Hungary,HUN,2012,8214663,559656,1002424,96415,47204
Hungary,HUN,2013,8246907,583303,922188,74833,45503
Hungary,HUN,2014,8424454,594124,677906,40052,96502
Hungary,HUN,2015,8554934,619895,472082,55901,94943
Hungary,HUN,2016,9014948,327798,216676,46785,153548
Hungary,HUN,2017,8988997,256320,309542,82610,89287
Iceland,ISL,2010,315760,490,1083,233,475
Iceland,ISL,2011,316219,306,1801,87,601
Iceland,ISL,2012,318687,638,1026,257,108
Iceland,ISL,2013,322890,328,260,0,286
Iceland,ISL,2014,326286,468,458,174,0
Iceland,ISL,2015,329984,214,503,0,114
Iceland,ISL,2016,334696,87,388,268,0
Iceland,ISL,2017,342900,263,175,62,0
Iceland,ISL,2018,349998,563,1104,110,946
Iceland,ISL,2019,358345,942,799,189,288
India,IND,2011,54890990,40547941,442026882,388013952,344469931
India,IND,2022,142203493,114816191,833419289,267075870,75243301
Indonesia,IDN,2010,16960672,10392653,79223279,55731643,83997081
Indonesia,IDN,2011,23697058,11667663,80501502,55729099,77874710
Indonesia,IDN,2012,26188927,12356539,87983827,59006357,67162878
Indonesia,IDN,2013,31636984,12945630,84111471,57652088,69506291
Indonesia,IDN,2014,32108453,14402113,88855215,57080781,66430830
Indonesia,IDN,2015,32205153,15063507,100812986,57205345,56512257
Indonesia,IDN,2016,39518128,19949925,102679836,54723189,47756346
Indonesia,IDN,2017,47659278,21448776,107116149,51670796,39451657
Indonesia,IDN,2018,53886807,23800895,110599512,48010718,33653908
Indonesia,IDN,2019,55430125,25230142,114840685,47422749,29565675
Indonesia,IDN,2020,58646742,25478781,118228943,45397275,27063139
Indonesia,IDN,2021,61327685,25804960,122759712,43162928,23702763
Indonesia,IDN,2022,57734078,25001721,129965927,44230471,21898331
Indonesia,IDN,2023,59388518,25959039,134140205,42817124,18885194
Indonesia,IDN,2024,62501467,27883806,137103014,40708144,15291505
Indonesia,IDN,2025,68735520,30835461,139282001,35338526,11529740
Iran,IRN,2011,39031256,9507292,24407857,3889267,1774928
Iran,IRN,2012,39954846,10064246,24606655,3578169,1406812
Iran,IRN,2013,38051672,10520142,26550187,4008738,1534037
Iran,IRN,2014,36562197,10784672,27209173,4506415,2696567
Iran,IRN,2015,37917941,10615855,27410855,4468242,2480827
Iran,IRN,2016,38527642,10517837,27838261,4709004,2498824
Iran,IRN,2017,42013466,10319295,26076811,4593532,2274640
Iran,IRN,2018,39684425,10278126,28319449,5330624,2720112
Iran,IRN,2019,35212367,10637627,30844454,6779060,3732652
Iran,IRN,2020,35028516,10315759,31788964,6678331,4080246
Iran,IRN,2021,40029912,10736267,28978369,5667105,3289651
Iran,IRN,2022,43836732,10935740,27662491,4820282,2518427
Iran,IRN,2023,46530579,11557267,25897774,4584466,2259202
Iraq,IRQ,2012,18120662,4767453,9712047,866505,188173
Iraq,IRQ,2023,25748778,6712347,11547509,817769,247645
Ireland,IRL,2010,4445679,21936,47718,10674,34148
Ireland,IRL,2011,4465749,29171,43187,11142,30835
Ireland,IRL,2012,4505791,20235,39206,9558,24743
Ireland,IRL,2013,4513872,20104,41447,14130,34263
Ireland,IRL,2014,4578914,19600,30794,7685,20747
Ireland,IRL,2015,4647963,10718,18155,5006,20115
Ireland,IRL,2016,4703822,14489,18969,9238,16204
Ireland,IRL,2017,4792594,5923,12090,2160,14678
Ireland,IRL,2018,4891254,0,1933,0,4835
Ireland,IRL,2019,4962538,3084,6942,1088,2804
Ireland,IRL,2020,5017918,11055,632,943,9199
Ireland,IRL,2021,5095413,1056,6032,1382,6702
Ireland,IRL,2022,5192711,2144,7416,95,10470
Ireland,IRL,2023,5294450,3231,9485,0,4372
Israel,ISR,2010,6548672,297321,670877,60988,45742
Israel,ISR,2011,6709651,349461,566904,116487,23297
Israel,ISR,2012,6961240,276867,545825,63284,63284
Israel,ISR,2013,7213253,298201,451332,48357,48357
Israel,ISR,2014,7385914,221824,492942,65726,49294
Israel,ISR,2015,7550470,259783,494426,33521,41900
Israel,ISR,2016,7811044,256380,393116,42730,42730
Israel,ISR,2017,8016236,226546,357245,52280,60993
Israel,ISR,2018,8287652,195422,310898,26648,62180
Israel,ISR,2019,8365896,217296,344052,45270,81486
Israel,ISR,2020,8560828,248808,304098,36860,64506
Israel,ISR,2021,8762259,206171,299885,46857,56228
Israel,ISR,2022,8917147,219823,334513,47787,38230
Italy,ITA,2010,57584771,485823,787859,117229,843726
Italy,ITA,2011,57865164,497746,768845,135868,759217
Italy,ITA,2012,57742089,509797,838880,250851,849631
Italy,ITA,2013,57712726,534729,830107,261113,972937
Italy,ITA,2014,57639219,677252,897236,233067,873934
Italy,ITA,2015,57297912,493762,898479,304571,1234880
Italy,ITA,2016,57557015,440327,764384,284712,1068786
Italy,ITA,2017,57450587,471303,951641,203981,924740
Italy,ITA,2018,57705864,459706,718050,241523,1023513
Italy,ITA,2019,57588238,393394,999158,130086,618204
Italy,ITA,2020,57459475,571764,688052,198626,520935
Italy,ITA,2021,57792749,312311,456330,58729,513053
Italy,ITA,2022,57721341,335849,515690,36596,404192
Italy,ITA,2023,57492560,362064,518932,63742,546918
Jamaica,JAM,2018,2035348,268129,460381,44257,11982
Jamaica,JAM,2021,1940805,248427,503045,106048,39357
Japan,JPN,2010,124355970,1152630,1408770,384210,768420
Japan,JPN,2011,122975346,1533996,1789662,894831,639165
Japan,JPN,2012,123672501,893403,1021032,255258,1786806
Japan,JPN,2013,121964865,764670,3058680,509780,1147005
Japan,JPN,2014,124348652,763656,890932,381828,890932
Japan,JPN,2015,123962475,762846,1652833,254282,508564
Japan,JPN,2016,122882492,635380,2033216,635380,889532
Japan,JPN,2017,123797700,761832,888804,761832,761832
Japan,JPN,2018,121484938,1141299,2028976,887677,1268110
Japan,JPN,2019,120807882,1139697,2532660,506532,1646229
Japan,JPN,2020,121463082,631305,2146437,505044,1515132
Jordan,JOR,2010,5389926,827598,1056433,59453,7644
Kazakhstan,KAZ,2010,7847069,2678270,5802877,420692,87902
Kazakhstan,KAZ,2011,10369083,2618541,3884707,154018,39653
Kazakhstan,KAZ,2012,10729166,2496503,3915110,140046,25281
Kazakhstan,KAZ,2013,11838880,2555145,3076043,73264,13170
Kazakhstan,KAZ,2014,11673597,2702467,3344950,82805,12465
Kazakhstan,KAZ,2015,11172143,2904914,3875314,112820,18977
Kazakhstan,KAZ,2016,10042974,2979158,5096244,214123,31101
Kazakhstan,KAZ,2017,11260417,2982467,4267646,119864,21538
Kazakhstan,KAZ,2018,12360074,3016580,3455329,89171,11574
Kazakhstan,KAZ,2019,12453145,3053367,3602196,85543,15305
Kazakhstan,KAZ,2020,12702298,3159853,3543375,69295,7295
Kazakhstan,KAZ,2021,13560519,3191366,2923325,60462,7932
Kenya,KEN,2015,4584840,2216478,13821739,9174844,17994903
Kenya,KEN,2020,3104176,1570596,13263095,11080499,23198970
Kenya,KEN,2021,3124541,1487817,12489801,11396786,24720223
Kenya,KEN,2022,3740375,1729514,13502207,11001777,25006571
Kiribati,KIR,2019,18614,12663,65835,19760,7637
Kiribati,KIR,2023,40581,23414,61779,6352,1239
Kosovo,OWID_KOS,2017,741500,162945,489283,124776,272515
Kosovo,OWID_KOS,2018,633903,179740,478413,132850,372180
Kosovo,OWID_KOS,2019,913409,191218,403437,78417,202410
Kosovo,OWID_KOS,2020,957860,136224,309852,85813,300402
Kosovo,OWID_KOS,2021,813715,132153,333182,60852,446177
Kosovo,OWID_KOS,2022,910368,181864,413084,86345,176435
Kyrgyzstan,KGZ,2010,579970,375221,2712098,1110905,688865
Kyrgyzstan,KGZ,2011,524581,389298,2863784,1250440,518484
Kyrgyzstan,KGZ,2012,473737,361495,2977927,1245118,593799
Kyrgyzstan,KGZ,2013,510782,351043,2765217,1371719,778389
Kyrgyzstan,KGZ,2014,526094,412219,3151353,1340132,476050
Kyrgyzstan,KGZ,2015,521917,376498,3053305,1424525,663791
Kyrgyzstan,KGZ,2016,603902,402864,3324161,1352070,492341
Kyrgyzstan,KGZ,2017,592534,448100,3344301,1405005,516756
Kyrgyzstan,KGZ,2018,746645,521683,3499708,1295295,380748
Kyrgyzstan,KGZ,2019,812602,579056,3668402,1205931,324220
Kyrgyzstan,KGZ,2020,732275,527451,3324765,1510832,631273
Kyrgyzstan,KGZ,2021,938365,645418,3669813,1210638,386990
Kyrgyzstan,KGZ,2022,939790,680601,3815931,1221574,317324
Kyrgyzstan,KGZ,2023,1215637,765784,3957002,966544,194783
Kyrgyzstan,KGZ,2024,1611298,902434,3806987,743160,157989
Laos,LAO,2012,787974,356919,2573425,1403713,1420049
Laos,LAO,2018,1259700,515393,2890501,1385256,1123223
Laos,LAO,2024,1587515,720995,3715364,1192198,553747
Latin America and Caribbean (WB),WB_LAC,2010,316792458,46845816,135968480,38316074,49829684
Latin America and Caribbean (WB),WB_LAC,2011,332196256,47490518,132797097,35718326,45884651
Latin America and Caribbean (WB),WB_LAC,2012,343303962,47348437,130344531,34351819,45071539
Latin America and Caribbean (WB),WB_LAC,2013,353424831,47875095,129892059,34066759,41424584
Latin America and Caribbean (WB),WB_LAC,2014,359619636,48966830,131130483,33403557,39728902
Latin America and Caribbean (WB),WB_LAC,2015,374390912,48938063,126864538,31249300,37425667
Latin America and Caribbean (WB),WB_LAC,2016,379657395,48956329,126219539,31092509,38812020
Latin America and Caribbean (WB),WB_LAC,2017,387125161,48155820,125959820,30359877,38814298
Latin America and Caribbean (WB),WB_LAC,2018,393132220,48722498,125198240,29986209,38738945
Latin America and Caribbean (WB),WB_LAC,2019,398485285,48762121,124552013,29548462,39614487
Latin America and Caribbean (WB),WB_LAC,2020,396580305,52276869,129426104,29621933,37592965
Latin America and Caribbean (WB),WB_LAC,2021,395736599,51962927,131616234,29344964,40575372
Latin America and Caribbean (WB),WB_LAC,2022,418446988,51856162,122756659,27081674,32966613
Latin America and Caribbean (WB),WB_LAC,2023,432875111,50536985,117452316,26348032,30404068
Latin America and Caribbean (WB),WB_LAC,2024,451011492,47782878,110597080,24442156,28352762
Latin America and Caribbean (WB),WB_LAC,2025,458464621,46973187,109912410,23811007,27439863
Latin America and Caribbean (WB),WB_LAC,2026,465018298,46695256,108565959,23521237,27040594
Latvia,LVA,2010,1668289,122972,219783,32052,54459
Latvia,LVA,2011,1664751,112170,213705,34949,34134
Latvia,LVA,2012,1663334,115860,192222,33632,29271
Latvia,LVA,2013,1719849,91069,146609,24145,30975
Latvia,LVA,2014,1760553,65124,124432,21423,22250
Latvia,LVA,2015,1804635,59216,79675,13567,20434
Latvia,LVA,2016,1806546,45467,77438,11250,18836
Latvia,LVA,2017,1787873,48778,73462,13050,19085
Latvia,LVA,2018,1814844,42277,50269,9008,10776
Latvia,LVA,2019,1820239,31057,46684,9383,6459
Latvia,LVA,2020,1817455,27302,39681,6279,9732
Latvia,LVA,2021,1817703,21726,30151,5664,9246
Latvia,LVA,2022,1790732,33658,41569,5453,7971
Latvia,LVA,2023,1807658,23700,39753,4234,8365
Lebanon,LBN,2011,4726261,191978,269040,13146,3181
Lebanon,LBN,2022,2167471,675698,2020083,571032,333408
Lesotho,LSO,2017,232538,116674,583604,323517,904486
Liberia,LBR,2014,297273,176611,1592529,1048945,1448935
Liberia,LBR,2016,349679,208980,1582707,1018311,1595931
Lithuania,LTU,2010,2528426,199759,263150,44501,61446
Lithuania,LTU,2011,2615747,143449,220549,21412,26958
Lithuania,LTU,2012,2589494,139443,198628,30184,31390
Lithuania,LTU,2013,2640357,113712,143070,28584,35527
Lithuania,LTU,2014,2575672,131346,151825,28002,50408
Lithuania,LTU,2015,2609415,104708,153661,12883,30442
Lithuania,LTU,2016,2637443,79976,96531,20815,42560
Lithuania,LTU,2017,2650114,50008,97347,11991,33179
Lithuania,LTU,2018,2684794,38237,58400,10107,27662
Lithuania,LTU,2019,2727879,19620,42880,3748,16962
Lithuania,LTU,2020,2741898,18232,30674,6277,13288
Lithuania,LTU,2021,2752763,15311,28553,2808,8945
Lithuania,LTU,2022,2738176,18945,44387,7428,22703
Lithuania,LTU,2023,2751218,27045,57432,4362,31528
Luxembourg,LUX,2010,505450,208,1108,21,166
Luxembourg,LUX,2011,517142,98,389,3,715
Luxembourg,LUX,2012,529078,73,1205,358,232
Luxembourg,LUX,2013,541928,49,720,179,484
Luxembourg,LUX,2014,554569,158,488,212,892
Luxembourg,LUX,2015,564707,495,2292,345,1765
Luxembourg,LUX,2016,577324,1253,2254,501,682
Luxembourg,LUX,2017,587833,1649,4393,725,1736
Luxembourg,LUX,2018,601860,1516,2273,453,1848
Luxembourg,LUX,2019,617547,407,1213,207,627
Luxembourg,LUX,2020,630083,141,178,17,0
Luxembourg,LUX,2021,636285,880,2176,196,527
Luxembourg,LUX,2022,651274,225,804,118,682
Luxembourg,LUX,2023,664517,508,689,149,567
Madagascar,MDG,2010,794450,486799,3202944,3214579,14484568
Madagascar,MDG,2012,839660,472709,3352769,3156748,16112754
Madagascar,MDG,2021,664827,372492,3841105,4447074,20925218
Malawi,MWI,2010,437276,148501,1623364,1838268,10879923
Malawi,MWI,2016,404442,212528,2016070,2386497,12687615
Malawi,MWI,2019,327408,234990,1867481,2281875,14471520
Malaysia,MYS,2011,22942467,1929263,3741558,442567,106185
Malaysia,MYS,2013,26359567,1479251,2155783,146872,32791
Malaysia,MYS,2015,28615345,1295792,1685418,109714,16589
Malaysia,MYS,2018,30664820,1098682,1327286,53811,9997
Malaysia,MYS,2021,32533231,949725,955116,29842,4510
Maldives,MDV,2016,354290,37195,49159,2277,387
Maldives,MDV,2019,396907,43712,55744,0,0
Mali,MLI,2018,2095092,1122188,6926610,4543901,6111273
Mali,MLI,2021,1681724,905274,6632423,5335349,8223746
Malta,MLT,2010,410431,1439,1492,74,1072
Malta,MLT,2011,412702,518,1462,713,873
Malta,MLT,2012,416816,998,1061,367,786
Malta,MLT,2013,422431,1309,475,469,126
Malta,MLT,2014,431491,1248,632,110,0
Malta,MLT,2015,442021,549,1225,50,375
Malta,MLT,2016,452658,490,530,311,516
Malta,MLT,2017,464489,713,871,263,770
Malta,MLT,2018,481501,275,974,382,771
Malta,MLT,2019,498680,1472,1437,788,1535
Malta,MLT,2020,509497,930,1469,1564,2030
Malta,MLT,2021,514875,623,1645,376,631
Malta,MLT,2022,526817,475,2674,563,584
Malta,MLT,2023,546544,210,1109,2707,2177
Marshall Islands,MHL,2019,22391,5123,12949,1982,911
Mauritania,MRT,2014,737287,415685,1683882,561164,450496
Mauritania,MRT,2019,889247,422241,2055246,715640,464788
Mauritius,MUS,2012,783582,143074,286260,29481,13485
Mauritius,MUS,2017,901883,121480,212864,21827,6833
Mexico,MEX,2010,50066485,10893071,34175381,8934231,9554728
Mexico,MEX,2012,53699707,11641351,33658122,9301648,8517380
Mexico,MEX,2014,51981882,12025769,37684756,9469158,8622699
Mexico,MEX,2016,63498012,12590087,33301907,7437184,5424162
Mexico,MEX,2018,67855301,12710256,32631712,6525492,4850951
Mexico,MEX,2020,67516881,12949681,34183843,6752039,5396612
Mexico,MEX,2022,80781656,12608631,27919408,4306230,2997195
Mexico,MEX,2024,91839970,11022174,22576994,3268088,2153782
Micronesia (country),FSM,2013,15308,8387,37024,19132,28270
"Middle East, North Africa, Afghanistan and Pakistan (WB)",WB_MENAP,2010,195308158,46702483,205142295,94147177,83528559
"Middle East, North Africa, Afghanistan and Pakistan (WB)",WB_MENAP,2011,201215165,49819507,211320977,93790883,82907356
"Middle East, North Africa, Afghanistan and Pakistan (WB)",WB_MENAP,2012,208989255,52706540,218403698,92921800,80252179
"Middle East, North Africa, Afghanistan and Pakistan (WB)",WB_MENAP,2013,210185276,55408228,230333183,93904565,77632748
"Middle East, North Africa, Afghanistan and Pakistan (WB)",WB_MENAP,2014,214735552,57265232,236141434,94343117,78231273
"Middle East, North Africa, Afghanistan and Pakistan (WB)",WB_MENAP,2015,224537588,59563734,237093549,94372803,78665286
"Middle East, North Africa, Afghanistan and Pakistan (WB)",WB_MENAP,2016,230059181,58344053,240972939,97442496,80204883
"Middle East, North Africa, Afghanistan and Pakistan (WB)",WB_MENAP,2017,235520438,58471555,246464107,98937489,79494155
"Middle East, North Africa, Afghanistan and Pakistan (WB)",WB_MENAP,2018,237355899,58684250,252835739,100732374,80754042
"Middle East, North Africa, Afghanistan and Pakistan (WB)",WB_MENAP,2019,237289668,60382212,255867804,102743288,86431460
"Middle East, North Africa, Afghanistan and Pakistan (WB)",WB_MENAP,2020,228980421,61891256,264495644,105703181,95334810
"Middle East, North Africa, Afghanistan and Pakistan (WB)",WB_MENAP,2021,236612831,63581092,261084551,103167799,103132159
"Middle East, North Africa, Afghanistan and Pakistan (WB)",WB_MENAP,2022,250016979,65265854,260341041,101443590,105281912
"Middle East, North Africa, Afghanistan and Pakistan (WB)",WB_MENAP,2023,257516557,67336060,260346416,101784298,110818141
"Middle East, North Africa, Afghanistan and Pakistan (WB)",WB_MENAP,2024,264978936,68474871,261019765,101823901,116848639
"Middle East, North Africa, Afghanistan and Pakistan (WB)",WB_MENAP,2025,271542249,69885567,261789765,102235889,121277282
"Middle East, North Africa, Afghanistan and Pakistan (WB)",WB_MENAP,2026,280141501,71603957,263663091,102626369,122061402
Moldova,MDA,2010,1567403,387541,799747,83758,23905
Moldova,MDA,2011,1697316,363427,723914,62741,13301
Moldova,MDA,2012,1657736,420310,723482,43883,14913
Moldova,MDA,2013,1849482,367133,601018,37704,4221
Moldova,MDA,2014,1831786,414723,592681,18483,142
Moldova,MDA,2015,1882936,413170,516259,22055,1558
Moldova,MDA,2016,1848743,418256,512159,19406,4622
Moldova,MDA,2017,1836045,399997,503753,13707,1687
Moldova,MDA,2018,1908849,377422,409750,10688,494
Moldova,MDA,2019,1896743,338205,419937,8576,763
Moldova,MDA,2020,1822738,372719,434705,4544,424
Moldova,MDA,2021,1865298,330093,392173,3971,4274
Moldova,MDA,2022,1619159,411588,489865,7042,1000
Moldova,MDA,2023,1598850,356604,481636,17517,3176
Mongolia,MNG,2010,991524,334487,1079994,236752,95865
Mongolia,MNG,2011,1143069,346019,1059441,176738,61050
Mongolia,MNG,2012,1449335,347568,882690,129367,30745
Mongolia,MNG,2014,1655636,400605,789432,94310,23130
Mongolia,MNG,2016,1301146,404950,1131772,191115,59873
Mongolia,MNG,2018,1476872,410863,1105647,160552,54255
Mongolia,MNG,2022,2157081,438741,759895,62929,15102
Montenegro,MNE,2012,391472,46354,114723,34059,34810
Montenegro,MNE,2013,398327,48922,121047,22131,32160
Montenegro,MNE,2014,415021,47350,103491,33801,24081
Montenegro,MNE,2015,422299,48636,100668,30469,22579
Montenegro,MNE,2016,460508,39223,86627,18247,20748
Montenegro,MNE,2017,467957,37717,73183,18038,29087
Montenegro,MNE,2018,454776,39653,88480,19044,24485
Montenegro,MNE,2019,472120,44061,79890,15055,15627
Montenegro,MNE,2020,472711,43654,79423,16746,14056
Montenegro,MNE,2021,497359,37029,65472,9605,15588
Morocco,MAR,2013,13429832,3911671,12727218,2677800,1249655
Mozambique,MOZ,2014,1051958,365197,2685679,2587707,19431937
Mozambique,MOZ,2019,790461,271659,2314625,2264513,25070486
Mozambique,MOZ,2022,936910,282108,2355842,2526411,26633289
Myanmar,MMR,2015,5426753,3494797,21402053,11446452,9319001
Myanmar,MMR,2017,6616740,3847686,26346338,9756519,5327653
Namibia,NAM,2015,790986,139446,623924,290625,546845
Nauru,NRU,2012,2310,977,4883,1255,1015
Nepal,NPL,2010,2651747,1570345,11014115,6088212,6038365
Nepal,NPL,2022,9822427,4234204,12945028,1979657,723708
Netherlands,NLD,2010,16566051,17944,13107,10410,7882
Netherlands,NLD,2011,16625349,4946,34392,5108,23279
Netherlands,NLD,2012,16706028,670,32625,2932,12707
Netherlands,NLD,2013,16709156,43841,26576,9598,15261
Netherlands,NLD,2014,16767260,22917,39475,10206,25150
Netherlands,NLD,2015,16856299,16496,44542,11024,11563
Netherlands,NLD,2016,16938968,24627,41157,15737,9825
Netherlands,NLD,2017,17017391,40376,22691,15532,35306
Netherlands,NLD,2018,17144104,20838,39411,7948,19323
Netherlands,NLD,2019,17241324,30931,52400,3615,16604
Netherlands,NLD,2020,17384433,9189,28834,11928,7116
Netherlands,NLD,2021,17471176,7483,33219,4113,17053
Nicaragua,NIC,2014,2583171,662335,1868686,553709,398591
Niger,NER,2011,279490,149089,1982660,2940731,11824314
Niger,NER,2014,384817,321381,3259247,3662550,11587913
Niger,NER,2018,844954,346879,3771474,4308513,13349272
Niger,NER,2021,593850,388551,4067830,4790579,15066246
Nigeria,NGA,2010,11501583,7583759,50666939,34214888,65044079
Nigeria,NGA,2012,12564503,8226909,54784437,36165882,66883309
Nigeria,NGA,2015,15157103,9508523,60660194,38681801,69050171
Nigeria,NGA,2018,13968549,9641436,70023024,43475358,71240545
Nigeria,NGA,2022,8890020,7107594,65497770,50289538,94725734
North America (WB),WB_NA,2010,334637338,1875893,2961957,515408,3457244
North America (WB),WB_NA,2011,337572355,1524074,3176271,632131,3337569
North America (WB),WB_NA,2012,340535583,1651210,2978096,553379,3397860
North America (WB),WB_NA,2013,343410307,1602734,2740951,684376,3432480
North America (WB),WB_NA,2014,345750614,1454381,2788065,622506,4139602
North America (WB),WB_NA,2015,348848084,1190631,3039194,584582,3920581
North America (WB),WB_NA,2016,352268275,1319233,2629453,569495,3741128
North America (WB),WB_NA,2017,354506712,1312656,2640909,602635,4154336
North America (WB),WB_NA,2018,357824578,1260604,2382093,581262,3617479
North America (WB),WB_NA,2019,360739693,1153332,2214446,483424,3317937
North America (WB),WB_NA,2020,364004805,890681,3214702,437830,1122734
North America (WB),WB_NA,2021,365840124,1031370,1657233,865974,1009587
North America (WB),WB_NA,2022,364451183,1174328,2348935,550829,4492741
North America (WB),WB_NA,2023,368777240,1168813,2408567,539287,4060493
North America (WB),WB_NA,2024,373976572,1166836,2232586,511257,3576973
North America (WB),WB_NA,2025,376066309,1155924,2192984,513939,3578044
North America (WB),WB_NA,2026,378057415,1127188,2147855,499266,3577844
North Macedonia,MKD,2010,992655,175342,429253,99576,249472
North Macedonia,MKD,2011,984224,188386,463744,89230,211814
North Macedonia,MKD,2012,1005657,194158,458612,95586,175808
North Macedonia,MKD,2013,1009247,211730,470308,89517,141914
North Macedonia,MKD,2014,1124781,171552,419828,77828,123568
North Macedonia,MKD,2015,1151424,179990,387634,59426,133956
North Macedonia,MKD,2016,1248747,142348,330913,75861,108444
North Macedonia,MKD,2017,1290193,139174,294587,67624,107079
North Macedonia,MKD,2018,1307825,152582,294240,53553,80851
North Macedonia,MKD,2019,1351434,140223,244841,65833,73931
Norway,NOR,2010,4863188,6416,12266,0,7382
Norway,NOR,2011,4935518,5167,6038,0,6365
Norway,NOR,2012,4999381,551,9557,2702,6382
Norway,NOR,2013,5052890,4888,12372,1097,8376
Norway,NOR,2014,5113345,5827,10683,1576,5801
Norway,NOR,2015,5161586,6084,10178,1936,8823
Norway,NOR,2016,5185604,10564,16060,7599,14692
Norway,NOR,2017,5237158,6604,14985,2831,15390
Norway,NOR,2018,5283031,3027,10350,539,14969
Norway,NOR,2019,5315236,4131,15045,3300,10184
Norway,NOR,2020,5340963,9617,9224,3804,15867
Norway,NOR,2021,5378760,8506,10071,1776,9207
Norway,NOR,2022,5418878,2601,11612,7956,16080
Norway,NOR,2023,5497490,1819,7301,2114,10877
Pakistan,PAK,2010,9037372,5625830,71496919,61623395,53709044
Pakistan,PAK,2011,10851377,5978631,73985543,61544077,53346964
Pakistan,PAK,2013,12360178,8964067,86424624,59735920,45184523
Pakistan,PAK,2015,17300232,10277955,93196624,60952195,36987874
Pakistan,PAK,2018,16218478,10410197,99880916,64555587,37799718
Pakistan,PAK,2024,20328806,12443833,99350701,63289814,58226238
Palestine,PSE,2010,2342952,422001,906997,89689,24522
Palestine,PSE,2011,2432102,453605,885611,97130,14538
Palestine,PSE,2016,2697861,507283,1030785,135877,61070
Palestine,PSE,2023,3129325,559824,1163160,206363,107103
Panama,PAN,2010,2253826,278600,615035,203179,277895
Panama,PAN,2011,2457338,235266,604049,172242,224610
Panama,PAN,2012,2501490,256633,554323,167186,279624
Panama,PAN,2013,2576299,254414,609670,158567,226379
Panama,PAN,2014,2705856,237151,544234,156546,248314
Panama,PAN,2015,2859499,230819,518993,161257,189467
Panama,PAN,2016,2971692,225901,483226,154951,193316
Panama,PAN,2017,3044158,206616,527664,144985,175284
Panama,PAN,2018,3199458,198978,491842,121433,156149
Panama,PAN,2019,3260894,220760,483724,145849,123473
Panama,PAN,2021,3216772,247089,590538,147586,143420
Panama,PAN,2023,3327737,247367,562817,154421,166417
Panama,PAN,2024,3374724,246882,586670,166152,141149
Paraguay,PRY,2010,2970242,483887,1364429,381066,538347
Paraguay,PRY,2011,3195451,409730,1346395,343029,520021
Paraguay,PRY,2012,3450521,485233,1260649,320965,379640
Paraguay,PRY,2013,3761915,498762,1214563,261156,246049
Paraguay,PRY,2014,3897651,454384,1155232,303558,258986
Paraguay,PRY,2015,3931569,531475,1156597,280092,259370
Paraguay,PRY,2016,3844812,545811,1318604,279359,260540
Paraguay,PRY,2017,4059036,573347,1287524,268205,150548
Paraguay,PRY,2018,4266210,536808,1180055,246801,197508
Paraguay,PRY,2019,4396955,492366,1204163,262353,159221
Paraguay,PRY,2020,4155789,604313,1414169,260734,168734
Paraguay,PRY,2021,4267273,613468,1428498,250651,124292
Paraguay,PRY,2022,4420178,594390,1260106,267274,218516
Paraguay,PRY,2023,4717137,566864,1164023,232346,163776
Paraguay,PRY,2024,4933496,576934,1105501,167340,145882
Peru,PER,2010,13178351,2619101,7640092,2390678,3257798
Peru,PER,2011,14152472,2716221,7252070,2153302,3030021
Peru,PER,2012,15122864,2652298,7008625,1951245,2815334
Peru,PER,2013,15413335,2693464,7131039,2010802,2569280
Peru,PER,2014,15818941,2856172,7104134,1929327,2407252
Peru,PER,2015,15994711,3032749,7163603,1842702,2423835
Peru,PER,2016,16709186,2932841,7010617,1908330,2305520
Peru,PER,2017,16804769,2830083,7404742,1993939,2291103
Peru,PER,2018,17686357,2985000,7448713,1839656,1937858
Peru,PER,2019,18427035,3121671,7424795,1717294,1758509
Peru,PER,2020,13846319,3199003,9590318,2817888,3385052
Peru,PER,2021,16580490,3490405,9381047,1983201,1720739
Peru,PER,2022,17190139,3624131,9095642,1945039,1620487
Peru,PER,2023,17464793,3426040,8996147,1968941,1989695
Peru,PER,2024,18431310,3398532,8742934,1886082,1758990
Philippines,PHL,2012,17240803,6267323,32824281,18861811,24981294
Philippines,PHL,2015,20244390,7681397,37689925,19752209,19945071
Philippines,PHL,2018,22160834,9013933,44110622,19500735,14679164
Philippines,PHL,2021,19709271,8689334,46041590,20908720,17752037
Philippines,PHL,2023,20480009,9547577,51161337,20453331,13248946
Poland,POL,2010,34966923,1168086,1448578,242064,217141
Poland,POL,2011,34819852,1392637,1481783,155972,213012
Poland,POL,2012,34749094,1378923,1631959,140519,162669
Poland,POL,2013,34924691,1254055,1488977,156260,216213
Poland,POL,2014,35216053,998114,1344480,237845,215244
Poland,POL,2015,35619800,874743,1163907,129046,198916
Poland,POL,2016,36409879,522560,797197,103359,137093
Poland,POL,2017,36728957,446916,571236,67012,160703
Poland,POL,2018,36871690,435934,512415,38505,116208
Poland,POL,2019,37349820,235417,301386,39953,38900
Poland,POL,2020,36867563,203878,318812,54565,70930
Poland,POL,2021,36385489,184101,335151,34551,42268
Poland,POL,2022,36104135,177465,350090,70787,119271
Poland,POL,2023,36175919,113092,243106,65671,89564
Portugal,PRT,2010,10025673,216375,267351,40475,23226
Portugal,PRT,2011,9817419,238611,401250,34446,65834
Portugal,PRT,2012,9586794,244235,513946,77087,92782
Portugal,PRT,2013,9465389,273144,510710,98909,109143
Portugal,PRT,2014,9495046,294802,449221,81208,80785
Portugal,PRT,2015,9622539,276095,325597,58204,75641
Portugal,PRT,2016,9668887,197264,376979,39981,42341
Portugal,PRT,2017,9816673,172081,235018,31121,45407
Portugal,PRT,2018,9855173,150830,205126,33369,39324
Portugal,PRT,2019,9938205,148287,168441,12309,19021
Portugal,PRT,2020,9825309,169743,196039,40420,65570
Portugal,PRT,2021,10037285,123770,158334,8514,33928
Portugal,PRT,2022,9966686,170284,258587,15324,23451
Portugal,PRT,2023,10235702,114457,155654,28645,43716
Qatar,QAT,2017,2563277,0,0,0,0
Romania,ROU,2010,11395228,2041212,4489200,1047452,1273780
Romania,ROU,2011,10521895,2210598,4795639,1185484,1433912
Romania,ROU,2012,10658819,1997313,4664536,1058873,1678495
Romania,ROU,2013,10908868,1795936,4189499,1341952,1747437
Romania,ROU,2014,11432041,1973109,3687837,1046896,1769097
Romania,ROU,2015,12039792,1660571,3554069,1055248,1505936
Romania,ROU,2016,13476508,1490226,2941852,764758,1028924
Romania,ROU,2017,14859872,1225576,2166924,377425,958919
Romania,ROU,2018,15735065,947068,1646113,417738,727986
Romania,ROU,2019,16198486,872157,1366989,334956,599060
Romania,ROU,2020,16571639,622054,1291101,312454,468002
Romania,ROU,2021,17221104,433895,900872,178206,387983
Romania,ROU,2022,16786959,621663,1114999,248143,276738
Romania,ROU,2023,17774835,315282,726717,110772,133456
Russia,RUS,2010,123033663,8201379,10577610,762131,274689
Russia,RUS,2011,125357653,7475259,9460148,586117,139015
Russia,RUS,2012,127389726,6833936,8466036,554627,134123
Russia,RUS,2013,128946447,6627058,7650820,496844,84463
Russia,RUS,2014,129802897,6468409,7534926,352449,78535
Russia,RUS,2015,128647062,7031710,8408727,425310,127911
Russia,RUS,2016,128178179,7551894,8786121,406506,92756
Russia,RUS,2017,128530155,7755826,8449083,411200,147000
Russia,RUS,2018,129921133,7133818,7845603,359093,138465
Russia,RUS,2019,131438321,6844805,6787810,271302,111058
Russia,RUS,2020,131665557,6681057,6522776,315223,60539
Rwanda,RWA,2010,455210,162722,1200032,1323997,7388221
Rwanda,RWA,2013,515984,205187,1524971,1680549,7370212
Rwanda,RWA,2016,558287,269137,1767193,1793658,7748723
Rwanda,RWA,2023,1026953,421823,3912326,3356792,5469191
Saint Lucia,LCA,2015,124933,11091,22943,5279,11237
Samoa,WSM,2013,76380,24242,75162,14066,8860
Sao Tome and Principe,STP,2010,18380,12481,78599,37891,34451
Sao Tome and Principe,STP,2017,43423,18708,81798,36122,26919
Senegal,SEN,2011,726307,321599,2648225,2404920,6959809
Senegal,SEN,2018,2488630,1030576,6395147,3129800,3089557
Senegal,SEN,2021,2456348,1296644,7231980,3406344,3135018
Serbia,SRB,2012,4480801,620402,1323411,262268,514615
Serbia,SRB,2013,4240352,557996,1454431,352304,561470
Serbia,SRB,2014,4144542,642866,1402352,308806,633221
Serbia,SRB,2015,4269269,572049,1380874,276476,596715
Serbia,SRB,2016,4448381,565566,1213809,259339,571227
Serbia,SRB,2017,4661684,521042,1133938,237587,466607
Serbia,SRB,2018,5056183,477718,1003513,155132,290058
Serbia,SRB,2019,5498102,399264,758505,100157,189207
Serbia,SRB,2020,5634493,393597,651218,79311,140507
Serbia,SRB,2021,5817267,375352,457619,68156,115932
Serbia,SRB,2022,5662802,318112,469943,77699,135893
Serbia,SRB,2023,5788287,235566,463126,63734,72470
Seychelles,SYC,2013,73895,5228,7631,1777,1418
Seychelles,SYC,2018,84264,4396,6789,730,652
Sierra Leone,SLE,2011,211454,151360,1340492,1254146,3429799
Sierra Leone,SLE,2018,408427,234179,2000658,1777273,3134026
Slovakia,SVK,2010,5041341,103535,184349,30052,32151
Slovakia,SVK,2011,5112339,98178,141757,13410,32700
Slovakia,SVK,2012,5030745,107222,210761,31565,27286
Slovakia,SVK,2013,5030353,112090,194330,52817,23803
Slovakia,SVK,2014,5001141,133690,180804,54821,48193
Slovakia,SVK,2015,5050227,101831,202822,25646,43275
Slovakia,SVK,2016,5090820,77843,143504,34790,83841
Slovakia,SVK,2017,5178255,98903,90659,40076,31339
Slovakia,SVK,2018,5168787,69305,135911,45086,27682
Slovakia,SVK,2019,5237169,78216,110360,15771,12631
Slovakia,SVK,2020,5191639,141876,99057,10150,16105
Slovakia,SVK,2021,5218369,76062,107071,27005,18740
Slovakia,SVK,2022,4988164,84271,266700,54831,37786
Slovakia,SVK,2023,5058180,146959,179046,18019,24536
Slovenia,SVN,2010,2042144,2640,3611,0,188
Slovenia,SVN,2011,2042425,3702,6252,464,0
Slovenia,SVN,2012,2039389,7876,8932,422,540
Slovenia,SVN,2013,2037529,10680,10700,596,448
Slovenia,SVN,2014,2046440,9090,5472,978,0
Slovenia,SVN,2015,2046795,8977,7659,0,100
Slovenia,SVN,2016,2054998,3934,5871,239,0
Slovenia,SVN,2017,2059325,4440,2623,0,0
Slovenia,SVN,2018,2067445,2782,3667,0,0
Slovenia,SVN,2019,2082544,2858,2657,326,0
Slovenia,SVN,2020,2097472,3653,1294,0,0
Slovenia,SVN,2021,2101964,3164,2951,0,0
Slovenia,SVN,2022,2106211,2021,2555,1289,0
Slovenia,SVN,2023,2115423,3558,978,502,0
Solomon Islands,SLB,2012,34986,19759,164152,133601,237966
South Africa,ZAF,2010,15548947,2729550,12483501,7009722,14572332
South Africa,ZAF,2014,16602020,2811346,13525067,7820792,15772435
South Africa,ZAF,2022,21403007,4074465,18558796,8051171,10999849
South Asia (WB),WB_SA,2010,58815525,40625556,461961737,444291198,439273024
South Asia (WB),WB_SA,2011,69887651,47385901,503494258,440124147,403480651
South Asia (WB),WB_SA,2012,78153508,52579548,539066726,439411439,374341803
South Asia (WB),WB_SA,2013,84272162,56622766,576775676,441824843,342166505
South Asia (WB),WB_SA,2014,92005663,61830761,621874206,439698473,304430129
South Asia (WB),WB_SA,2015,101268199,68879745,671627137,432275314,263319717
South Asia (WB),WB_SA,2016,112836244,77744949,722602314,418462135,223466166
South Asia (WB),WB_SA,2017,126480211,87741050,771099052,399341919,187858216
South Asia (WB),WB_SA,2018,141277355,98323479,816322458,375216868,158024512
South Asia (WB),WB_SA,2019,150626889,105995988,847852545,361047214,139890356
South Asia (WB),WB_SA,2020,142901429,102680929,846448810,376821208,152221032
South Asia (WB),WB_SA,2021,157507992,113187432,881898516,353529851,128661617
South Asia (WB),WB_SA,2022,178227532,128950253,921743222,318079163,101009430
South Asia (WB),WB_SA,2023,204623411,147088774,954818963,278307048,77742412
South Asia (WB),WB_SA,2024,232398906,162732303,974089984,244725267,63438116
South Asia (WB),WB_SA,2025,261656063,178052258,983793808,216830481,52191934
South Asia (WB),WB_SA,2026,292978545,194307939,986624859,190730596,42898797
South Korea,KOR,2010,47671056,495541,941528,198216,247771
South Korea,KOR,2012,48442857,652598,702798,150600,250999
South Korea,KOR,2014,49376500,405973,659707,152240,152240
South Korea,KOR,2016,50142230,358525,512178,102435,102436
South Korea,KOR,2017,50386036,308171,462257,102724,102724
South Korea,KOR,2018,50862865,257926,309510,51585,103170
South Korea,KOR,2019,51298941,155294,207059,0,103530
South Korea,KOR,2020,51473386,103673,155509,51836,51836
South Korea,KOR,2021,51355384,155308,155309,51769,51770
South Sudan,SSD,2016,153521,101400,1013679,1209109,8066919
Spain,ESP,2010,44769801,369709,941001,147285,349100
Spain,ESP,2011,44650545,523112,795470,170480,603089
Spain,ESP,2012,44378683,673196,978968,265555,476654
Spain,ESP,2013,44000226,624914,1169595,199363,610098
Spain,ESP,2014,43521184,938744,1306553,254019,440232
Spain,ESP,2015,44063023,574935,1081512,213361,489473
Spain,ESP,2016,44036929,546745,1085757,185135,603574
Spain,ESP,2017,44684749,525749,843333,129304,388097
Spain,ESP,2018,44863528,427154,910546,123559,457225
Spain,ESP,2019,45272317,469194,813588,142068,421333
Spain,ESP,2020,45316952,434039,898922,190052,519459
Spain,ESP,2021,46011136,392546,617742,110315,312081
Spain,ESP,2022,46263857,377031,661308,108678,375230
Spain,ESP,2023,46908266,350503,627177,73278,393304
Sri Lanka,LKA,2012,5317573,2011489,9354022,2865910,1328234
Sri Lanka,LKA,2016,6839713,2360064,9021933,2178662,808628
Sri Lanka,LKA,2019,7567841,2610748,9115022,1919519,589870
Sub-Saharan Africa (WB),WB_SSA,2010,71262961,30146365,201144313,150126199,441986850
Sub-Saharan Africa (WB),WB_SSA,2011,74907720,31944162,211894874,155628694,445152678
Sub-Saharan Africa (WB),WB_SSA,2012,78509028,33876104,224024809,162877929,445682434
Sub-Saharan Africa (WB),WB_SSA,2013,83128812,35984825,236037873,167968419,448112967
Sub-Saharan Africa (WB),WB_SSA,2014,88019005,38262988,247274867,172260536,452143628
Sub-Saharan Africa (WB),WB_SSA,2015,90172478,39267341,255171498,175507633,465132186
Sub-Saharan Africa (WB),WB_SSA,2016,92693642,40595490,265317426,179014791,475202779
Sub-Saharan Africa (WB),WB_SSA,2017,96206180,41951815,276520487,184203250,482059964
Sub-Saharan Africa (WB),WB_SSA,2018,98162782,42823687,288094680,191018758,489897149
Sub-Saharan Africa (WB),WB_SSA,2019,99466803,43884918,297098400,199013128,499852335
Sub-Saharan Africa (WB),WB_SSA,2020,92025769,41389874,291483488,206366088,537750205
Sub-Saharan Africa (WB),WB_SSA,2021,92708367,41578387,295898079,214708212,554118923
Sub-Saharan Africa (WB),WB_SSA,2022,95998804,42702377,307263239,221381263,561862893
Sub-Saharan Africa (WB),WB_SSA,2023,97587683,43309857,315319420,228600430,575072530
Sub-Saharan Africa (WB),WB_SSA,2024,101888587,45504344,326698666,234824878,582128517
Sub-Saharan Africa (WB),WB_SSA,2025,107253139,48303843,341145291,240760814,585321553
Sub-Saharan Africa (WB),WB_SSA,2026,114049334,50743210,357113914,246556203,586592699
Sudan,SDN,2014,6677419,3716135,18325990,6182638,3921138
Suriname,SUR,2022,453787,39285,101530,14989,13573
Sweden,SWE,2010,9227101,16781,51736,22607,59901
Sweden,SWE,2011,9292967,16825,58744,18495,62182
Sweden,SWE,2012,9366633,35040,58670,13838,45193
Sweden,SWE,2013,9423294,46099,49896,18604,62486
Sweden,SWE,2014,9558937,16666,51843,17632,51032
Sweden,SWE,2015,9664231,15960,37580,17800,63615
Sweden,SWE,2016,9785549,41752,46915,6933,41936
Sweden,SWE,2017,9958081,15682,51147,6085,26703
Sweden,SWE,2018,9985139,36258,59223,7251,87343
Sweden,SWE,2019,10161425,18284,54548,7616,37014
Sweden,SWE,2020,10240257,12892,46138,7435,46720
Sweden,SWE,2021,10240264,20882,58976,28666,67023
Sweden,SWE,2022,10274698,30879,33040,14983,133341
Sweden,SWE,2023,10356448,24336,59982,7574,88292
Switzerland,CHE,2010,7780291,8317,22047,8679,5575
Switzerland,CHE,2011,7890561,14412,6593,0,832
Switzerland,CHE,2012,7986904,7709,888,643,717
Switzerland,CHE,2013,8076244,6090,3116,484,3412
Switzerland,CHE,2014,8177251,1495,3480,3740,2683
Switzerland,CHE,2015,8275140,2359,2367,0,2530
Switzerland,CHE,2016,8355789,4386,8909,493,3761
Switzerland,CHE,2017,8431894,11069,7032,0,1845
Switzerland,CHE,2018,8497088,957,12914,368,3002
Switzerland,CHE,2019,8539573,17050,16573,593,1491
Switzerland,CHE,2020,8576873,50541,4661,0,6092
Switzerland,CHE,2021,8690417,1042,7974,1793,3320
Switzerland,CHE,2022,8748662,2615,6033,1461,18317
Syria,SYR,2022,1305913,1097873,10611741,5412023,4034622
Taiwan,TWN,2010,22814443,115692,138830,23138,46277
Taiwan,TWN,2013,23087426,93377,116721,23344,23344
Taiwan,TWN,2016,23390820,23509,70525,0,23508
Taiwan,TWN,2017,23387603,70657,70658,0,23552
Taiwan,TWN,2018,23409254,70723,70723,0,23574
Taiwan,TWN,2019,23402304,70773,94364,0,23591
Taiwan,TWN,2020,23442321,47168,47167,23584,23584
Taiwan,TWN,2021,23370070,46975,46975,0,23488
Tajikistan,TJK,2015,1476824,764643,3827408,1422719,1152246
Tajikistan,TJK,2021,2370455,1132136,4207294,1353309,903714
Tajikistan,TJK,2022,3105513,1001138,4149667,1024489,901415
Tajikistan,TJK,2023,3450624,1154556,3899411,1127659,757549
Tajikistan,TJK,2024,3511780,1207782,4081510,1140256,649599
Tanzania,TZA,2011,2159590,1204869,9806936,9639825,24253716
Tanzania,TZA,2018,3228020,1636440,12335709,10675353,29418882
Thailand,THA,2010,40696927,7297355,18008112,2091089,485965
Thailand,THA,2011,43418581,7999335,16191257,1188870,209165
Thailand,THA,2012,44783259,7335047,15748489,1300005,269296
Thailand,THA,2013,46763779,7867856,14024315,1040661,148501
Thailand,THA,2014,48040889,7484986,13718510,811314,160669
Thailand,THA,2015,51235917,7396882,11344500,470463,93030
Thailand,THA,2016,50767341,7383471,12035814,575542,97672
Thailand,THA,2017,51669272,7221354,11694365,503957,71236
Thailand,THA,2018,51133088,7517798,12085768,563456,75970
Thailand,THA,2019,52930491,7729397,10458758,307333,96293
Thailand,THA,2020,53822452,6995090,10372172,406609,45165
Thailand,THA,2021,54619877,6962971,9754218,369747,20515
Thailand,THA,2022,58659820,5939097,6998449,123422,14540
Thailand,THA,2023,58249436,6380707,6972437,96380,3472
Thailand,THA,2024,56847356,6454664,8207108,148356,10524
Togo,TGO,2011,274829,166094,1098403,847251,4529897
Togo,TGO,2015,250508,186610,1383115,1114975,4727987
Togo,TGO,2018,960686,365201,2456296,1617400,2947039
Togo,TGO,2021,789699,383205,2825304,1889827,3123500
Tonga,TON,2015,31977,15439,42682,11764,4233
Tonga,TON,2021,62474,14867,26219,1499,431
Tunisia,TUN,2010,5875561,1197947,2855573,547722,338400
Tunisia,TUN,2015,7431658,1311556,2386104,250696,75342
Tunisia,TUN,2021,8268310,1302998,2203594,211074,78910
Turkey,TUR,2010,47162256,6711200,14499674,2710922,2058100
Turkey,TUR,2011,49948037,6615343,13405667,2772705,1481880
Turkey,TUR,2012,52013170,6416704,12962766,2503570,1279614
Turkey,TUR,2013,53791324,6698501,12482795,2018803,1156201
Turkey,TUR,2014,55176167,6362920,12557030,2299934,785837
Turkey,TUR,2015,54964148,6819449,13219037,2173341,1042505
Turkey,TUR,2016,57668702,6832020,12418169,1648671,710398
Turkey,TUR,2017,61154579,5747866,11142359,1364088,903804
Turkey,TUR,2018,63470793,5234273,10563413,1327875,810846
Turkey,TUR,2019,63988378,5445159,10639605,1451526,1054772
Turkey,TUR,2020,65379826,5525854,9942496,1585007,951497
Turkey,TUR,2021,67848689,5448061,8947930,1107473,795167
Turkey,TUR,2022,70814472,4994217,8149953,571234,450036
Turkey,TUR,2023,78998591,2796248,3162181,219579,149369
Tuvalu,TUV,2010,2830,1352,4177,1301,954
Uganda,UGA,2012,1796855,845989,6542485,6064671,19537260
Uganda,UGA,2016,1917655,900291,6798568,6137207,23734551
Uganda,UGA,2019,1734622,1078016,7600912,7254158,26264740
Ukraine,UKR,2010,29030848,7218082,9860234,284710,62130
Ukraine,UKR,2011,30703212,7048707,8259056,264023,32854
Ukraine,UKR,2012,32136700,6438896,7395845,175407,63208
Ukraine,UKR,2013,34752876,5602287,5623072,124103,24430
Ukraine,UKR,2014,33150719,6461596,6221115,126820,12130
Ukraine,UKR,2015,28153224,7244158,9816215,446269,125030
Ukraine,UKR,2016,29235966,6506389,9358557,402300,113620
Ukraine,UKR,2017,31304652,6411170,7404678,277690,37850
Ukraine,UKR,2018,33182949,5391311,6377407,150505,106736
Ukraine,UKR,2019,35724753,4474584,4604627,72534,80958
Ukraine,UKR,2020,35380907,4258327,4938443,87252,15087
United Arab Emirates,ARE,2013,7846923,0,0,0,0
United Arab Emirates,ARE,2018,9253608,33928,59165,0,0
United Kingdom,GBR,2010,62138700,125533,251066,62766,188299
United Kingdom,GBR,2011,62689479,126517,126518,126518,189776
United Kingdom,GBR,2012,63137601,127422,127422,63711,254844
United Kingdom,GBR,2013,63690027,64139,192417,64139,128278
United Kingdom,GBR,2014,64038420,193860,129240,0,258480
United Kingdom,GBR,2015,64567296,65088,195264,65088,195264
United Kingdom,GBR,2016,64885323,196821,262428,0,262428
United Kingdom,GBR,2017,65372306,65966,263864,0,263864
United Kingdom,GBR,2018,65626110,132578,198867,66289,265156
United Kingdom,GBR,2019,65898059,133262,266524,66631,266524
United Kingdom,GBR,2020,66009816,133488,200232,66744,333720
United Kingdom,GBR,2021,66247176,133968,267936,66984,267936
United States,USA,2010,300715649,1856270,2784404,618756,3403161
United States,USA,2011,303419790,1247358,3118395,623679,3430234
United States,USA,2012,306166287,1257357,2829052,628678,3457730
United States,USA,2013,308491389,1583631,2533810,633453,3483989
United States,USA,2014,310637613,1277031,2554061,638515,4150348
United States,USA,2015,313447942,965446,2896336,643630,3861782
United States,USA,2016,316244510,1297414,2594826,324354,3892240
United States,USA,2017,318116784,1306435,2286260,653217,4245912
United States,USA,2018,320973388,985589,2299707,657059,3613825
United States,USA,2019,323291489,990679,1981357,660453,3302262
United States,USA,2020,325940906,994734,2984199,331578,1326311
United States,USA,2021,327450379,996299,1660499,996300,996299
United States,USA,2022,325666879,1002052,2338121,334017,4676243
United States,USA,2023,328722890,1010419,2357643,673613,4041675
United States,USA,2024,332628535,1360444,2040665,340111,3741221
Uruguay,URY,2010,2720223,203570,351629,33481,9677
Uruguay,URY,2011,2887317,159253,247541,24545,8169
Uruguay,URY,2012,2941451,135257,222019,27685,8989
Uruguay,URY,2013,2968968,134500,213691,17931,10247
Uruguay,URY,2014,3027131,121390,185648,15065,7100
Uruguay,URY,2015,3049706,121188,174958,14877,7288
Uruguay,URY,2016,3068342,122726,169333,14645,4237
Uruguay,URY,2017,3128290,107054,140620,8491,3983
Uruguay,URY,2018,3114303,114675,152860,9633,3063
Uruguay,URY,2019,3100982,127538,153733,10478,4475
Uruguay,URY,2020,3009110,148285,219153,13018,9402
Uruguay,URY,2021,3037708,132042,209595,12108,5242
Uruguay,URY,2022,3038563,138366,190986,14852,8146
Uruguay,URY,2023,3034385,130354,198006,19597,5739
Uruguay,URY,2024,3077528,110901,180975,11523,5661
Uzbekistan,UZB,2021,16654158,4526178,9950257,1615413,1497690
Uzbekistan,UZB,2022,19005053,4610484,8440243,1348329,1534847
Uzbekistan,UZB,2023,23137347,3733775,6190024,1141441,1449721
Uzbekistan,UZB,2024,25690733,3155367,5673261,854037,988462
Uzbekistan,UZB,2025,30014058,2436372,3135214,615310,852474
Vanuatu,VUT,2010,27106,15782,89633,44470,61257
Vanuatu,VUT,2019,32379,22503,130209,51131,57206
Vietnam,VNM,2010,33923467,10191165,31401057,7377021,4562442
Vietnam,VNM,2012,40214290,10601126,29814839,5548602,3331495
Vietnam,VNM,2014,45598797,11308907,26913424,4728864,3129584
Vietnam,VNM,2016,55460222,10527492,22157970,3497558,2356878
Vietnam,VNM,2018,63476707,9440041,18297068,2864350,2159154
Vietnam,VNM,2020,69093551,8978740,16424827,2304344,1277730
Vietnam,VNM,2022,68664252,9581911,17284084,2552170,1598239
Western and Central Africa (WB),,2010,24171321,13550253,91433094,66484561,168719043
Western and Central Africa (WB),,2011,25455221,14284198,96472068,69474771,169103886
Western and Central Africa (WB),,2012,27934212,15411160,102169711,72069681,167775588
Western and Central Africa (WB),,2013,30784443,16600999,107953182,74180316,166511268
Western and Central Africa (WB),,2014,33790553,17921804,113964429,76723184,164592062
Western and Central Africa (WB),,2015,35074535,18432130,117304845,78800020,168516310
Western and Central Africa (WB),,2016,36612460,19470378,124266893,81742436,167362585
Western and Central Africa (WB),,2017,39191351,20622632,133280681,84608735,163179513
Western and Central Africa (WB),,2018,41843498,21612756,142027981,87626767,159084902
Western and Central Africa (WB),,2019,43561535,22657801,149227187,91173192,156745725
Western and Central Africa (WB),,2020,39262392,20871533,145421908,95025878,173987633
Western and Central Africa (WB),,2021,38935537,20958979,147192138,98568616,180265722
Western and Central Africa (WB),,2022,39475674,21303502,151934897,102155374,182517721
Western and Central Africa (WB),,2023,40784427,21899425,156071683,104464519,186178538
Western and Central Africa (WB),,2024,43470532,23285206,162266846,107294001,185447479
Western and Central Africa (WB),,2025,46121922,24654104,168151892,109247895,185764091
Western and Central Africa (WB),,2026,49676964,25927153,174848746,110986394,184636583
World,OWID_WRL,2010,2426140741,359798796,1706789986,1039394078,1469143087
World,OWID_WRL,2011,2536427988,383342899,1782592154,1030980706,1353776125
World,OWID_WRL,2012,2651665196,396746854,1832875246,1016338192,1279303792
World,OWID_WRL,2013,2785419350,423971942,1928211216,1001790146,1126499698
World,OWID_WRL,2014,2892631061,442115947,1970110244,982318368,1066892348
World,OWID_WRL,2015,3004745341,459080420,2022826067,956235905,998789579
World,OWID_WRL,2016,3110038157,473740728,2074017209,924427054,946656980
World,OWID_WRL,2017,3212778723,482391570,2120706646,900648500,897997953
World,OWID_WRL,2018,3323247250,497110944,2157810105,863220858,855844763
World,OWID_WRL,2019,3411686328,507004007,2189775846,832375517,837166878
World,OWID_WRL,2020,3379587461,512906097,2225288319,840586980,896379815
World,OWID_WRL,2021,3554234037,506354082,2161175381,801604216,897147356
World,OWID_WRL,2022,3610510405,522588694,2215331071,771153959,869961343
World,OWID_WRL,2023,3744559565,527338470,2208277667,727622788,856259366
World,OWID_WRL,2024,3851575981,539230799,2209884919,694355271,846762182
World,OWID_WRL,2025,3944148841,554090150,2209362789,665817274,837209554
World,OWID_WRL,2026,4034994949,570068252,2207549755,641522070,826023182
World (excluding China),,2010,2082355496,250013476,1289808013,847583955,1193800788
World (excluding China),,2011,2144774831,264806415,1339746881,844615553,1148141440
World (excluding China),,2012,2197840300,273482305,1396201037,850249501,1104965801
World (excluding China),,2013,2254625520,287352070,1460132295,856389973,1044152558
World (excluding China),,2014,2295448881,300464714,1525567307,856996244,1003730854
World (excluding China),,2015,2346504811,312950796,1593956335,849035255,959370147
World (excluding China),,2016,2396594500,326413187,1663439738,837003162,917639205
World (excluding China),,2017,2458856284,337111974,1727898088,818427494,876014768
World (excluding China),,2018,2508945976,351548416,1791844055,796794722,845340559
World (excluding China),,2019,2548094258,360990749,1834255557,789756138,837166850
World (excluding China),,2020,2534309600,355764935,1839908928,817285271,896379778
World (excluding China),,2021,2576414500,363000011,1874298871,797294181,897147317
World (excluding China),,2022,2640639946,380809811,1922050146,763908950,869961259
World (excluding China),,2023,2721727930,395203060,1952534759,727622774,856259317
World (excluding China),,2024,2802199686,412619438,1976897302,694355228,846762138
World (excluding China),,2025,2870641250,433047824,1998142883,665817382,837209541
World (excluding China),,2026,2940050372,454222326,2015495564,641522075,826023199
World (excluding India),,2010,2385727801,329022106,1321310926,645645759,1076078496
World (excluding India),,2011,2486357289,346199964,1357685504,641388238,994263917
World (excluding India),,2012,2594636219,354806206,1374534612,627557254,946720557
World (excluding India),,2013,2723608524,378488109,1434046536,609801847,824117832
World (excluding India),,2014,2824721129,392314687,1432929650,591587868,800237642
World (excluding India),,2015,2928782394,402971329,1438163173,572171241,771564599
World (excluding India),,2016,3024227367,409634568,1440213208,553431141,757429652
World (excluding India),,2017,3117058524,410126133,1443597161,545845925,738238177
World (excluding India),,2018,3217260918,416281003,1440238249,528697505,720097173
World (excluding India),,2019,3298896907,419703470,1443936080,510120513,716321206
World (excluding India),,2020,3276284430,430502377,1483864742,500592347,760886920
World (excluding India),,2021,3441238957,415421088,1387252109,480226440,782172574
World (excluding India),,2022,3480654396,417677338,1402982439,482220643,780587296
World (excluding India),,2023,3591117670,405318089,1363124090,477254868,789173379
World (excluding India),,2024,3673691231,402407559,1346142855,475626704,793004995
World (excluding India),,2025,3740525371,402653164,1335727821,473977794,793879114
World (excluding India),,2026,3804272079,403652902,1330212530,474515769,790879520
Yemen,YEM,2014,2369797,1266219,9141570,7383212,10065510
Zambia,ZMB,2010,674864,234171,1689529,1400178,9966852
Zambia,ZMB,2015,967070,346924,2224148,1727140,11133807
Zambia,ZMB,2022,804041,397676,2541724,1968678,14440819
Zimbabwe,ZWE,2011,1611194,666991,4039744,2421618,4855877
Zimbabwe,ZWE,2017,1510649,634425,3515700,2536917,6614791
Zimbabwe,ZWE,2019,1604886,496593,3302140,2351198,7516551